{
    "name": "paozhu",
    "version": "1.8.0",
    "dependencies": [
        {
            "name": "openssl"
        },
        {
            "name": "brotli"
        },
        {
            "name": "asio"
        },
        {
            "name": "zlib"
        }
    ],
    "features": {
        "boost": {
            "description": "enable boost",
            "dependencies": [
                "boost",
                "boost-coroutine",
                "boost-dll",
                "boost-filesystem"
            ]
        },
        "gd": {
            "description": "enable libgd",
            "dependencies": [
                "pkgconf",
                "libgd",
                "freetype",
                "libpng",
                "libqrencode"
            ]
        }
    }
}